fname,label,Acoustic_guitar,Bass_drum,Cello,Clarinet,Double_bass,Flute,Hi-hat,Saxophone,Snare_drum,Violin_or_fiddle,y_pred
5388d14d.wav,Saxophone,6.559935172845144e-06,0.025252560153603554,0.0027054136153310537,0.00017979145923163742,6.551200931426138e-05,0.008368456736207008,2.0457191567402333e-05,0.9628378748893738,6.567055243067443e-05,0.0004977508215233684,Saxophone
c685f05f.wav,Saxophone,0.0018560329917818308,0.0014992918586358428,0.005782856605947018,0.014565871097147465,0.0007016463205218315,0.0004937874618917704,1.89255915756803e-05,0.9686052799224854,0.0006714433548040688,0.00580483628436923,Saxophone
36d20ab5.wav,Saxophone,4.061764684593072e-06,1.3990601473778952e-05,0.0030413030181080103,0.00016063626389950514,0.00039640787872485816,0.001598573406226933,6.601704808417708e-05,0.9946820735931396,3.4122931538149714e-05,2.842194589902647e-06,Saxophone
d6665734.wav,Saxophone,0.008425028994679451,1.6963724192464724e-05,0.018874118104577065,0.0006266179261729121,0.0008053801138885319,0.020652364939451218,1.2340951798250899e-06,0.9412485957145691,4.0174309106078e-05,0.009309481829404831,Saxophone
7352e28f.wav,Saxophone,1.3719834157654986e-07,8.186271799326406e-11,1.3268393104226561e-06,0.0001554183691041544,3.9208206459306894e-08,0.007047358434647322,3.813298288246614e-11,0.9927372932434082,1.6896442766448148e-15,5.8321234973846003e-05,Saxophone
8fa096bf.wav,Saxophone,0.0006699609803035855,9.81800531008048e-06,0.0005012749461457133,0.015962405130267143,5.704760042135604e-06,0.0005695505533367395,0.009747439064085484,0.9722697734832764,5.4162848073247e-07,0.0002635747950989753,Saxophone
2f9c5f62.wav,Saxophone,1.2936785651618266e-06,3.1791233599635926e-13,1.823354551788725e-07,0.04968123883008957,4.654123131331289e-07,2.0857600247836672e-05,1.0317334186993321e-07,0.9490981101989746,0.0010792412795126438,0.00011850808368762955,Saxophone
9cd05a2b.wav,Saxophone,4.917845899399254e-07,1.998732512831225e-09,0.00020924228010699153,3.6384182749316096e-05,3.2714328881411348e-06,0.007617701776325703,2.3237622936989055e-09,0.9920704364776611,2.215181926779053e-10,6.238017522264272e-05,Saxophone
ab465bf9.wav,Saxophone,3.7757551751838037e-08,5.790947148892611e-13,9.523788691012669e-08,3.2026335247792304e-05,5.2392376659327056e-08,0.006031674332916737,1.0828886615535382e-12,0.9939349889755249,3.357548605665401e-17,8.013350907276617e-07,Saxophone
c40632d7.wav,Saxophone,0.0007231836207211018,0.00019655549840535969,0.02551259659230709,0.021423032507300377,0.0007417431916110218,0.005728089716285467,3.3093433557951357e-06,0.941103994846344,0.0016141784144565463,0.0029534571804106236,Saxophone
3a80061f.wav,Saxophone,0.002149212406948209,2.4975804990390316e-05,0.002918543294072151,0.00014429775183089077,1.8850569176720455e-05,0.0025422123726457357,0.0006111249676905572,0.9906314015388489,1.2115851859562099e-05,0.0009474073303863406,Saxophone
dba6817d.wav,Saxophone,0.002204815624281764,2.3134384719014633e-06,0.028688697144389153,0.0001837483432609588,4.4737411371897906e-05,0.00033720373176038265,1.0669927178241778e-05,0.9684439897537231,1.584887854733097e-06,8.213234104914591e-05,Saxophone
25f26095.wav,Saxophone,5.1343005907256156e-05,0.026051243767142296,0.0015941460151225328,0.0031354501843452454,2.8505664886324666e-05,0.004623187240213156,0.0012549806851893663,0.9480577707290649,0.002294904785230756,0.012908421456813812,Saxophone
37cebbd4.wav,Saxophone,1.7349601932892256e-07,5.563936117392032e-11,2.5658414415374864e-07,2.2761666969017824e-06,4.4043504203727935e-06,0.0009520297171548009,1.2782984740167258e-11,0.9990401864051819,2.484857209317931e-14,1.0073649718833622e-06,Saxophone
f8d96888.wav,Saxophone,0.026817135512828827,9.207842231262475e-05,0.04991484433412552,0.0008922052220441401,0.0047138044610619545,0.0008477516821585596,1.3705101764571737e-06,0.9153125286102295,0.0001263325393665582,0.0012819251278415322,Saxophone
d94c94f0.wav,Saxophone,0.0002190659288316965,2.494845716682903e-07,0.0002625239721965045,0.006948390509933233,3.068387570692721e-07,1.2478886674216483e-05,6.62564104914054e-07,0.9914412498474121,4.0461696926286095e-07,0.0011146314209327102,Saxophone
ec6afeb6.wav,Saxophone,1.4391626791621093e-05,9.417863156002682e-10,9.656896509113722e-07,2.9321545298444107e-06,4.2493405771892867e-07,0.015968209132552147,6.978582642314102e-12,0.9839966297149658,1.940385569235148e-12,1.6512796719325706e-05,Saxophone
5f0dc8e4.wav,Saxophone,2.6153538783546537e-06,2.2430564350361948e-10,1.9738391188184323e-07,0.00024530180962756276,9.71708580266295e-09,0.00010224236029898748,6.27445734258103e-11,0.9996479153633118,5.391761419559771e-07,1.1452113994891988e-06,Saxophone
b8c0a88a.wav,Saxophone,7.551137059635948e-06,1.6877824009498e-06,0.0015162889612838626,0.0005859243683516979,6.438287414312072e-07,0.019836196675896645,5.652358095464827e-11,0.9780406951904297,1.6403233757955604e-06,9.586201485944912e-06,Saxophone
96dad435.wav,Saxophone,0.00827302411198616,3.996755704172017e-11,1.0618065289236256e-06,0.004299554042518139,4.46615877081058e-06,0.005811322946101427,3.6404954606439333e-09,0.9815869331359863,3.2839803099093956e-10,2.383230093983002e-05,Saxophone
b120dc90.wav,Saxophone,0.0002020383399212733,7.053333774820203e-06,0.000180033894139342,8.858323417371139e-05,0.003911402076482773,7.424510840792209e-05,3.936721952868538e-07,0.9949088096618652,9.61484602157725e-07,0.0006264695548452437,Saxophone
c1948f24.wav,Saxophone,8.752636495046318e-05,9.110355247976543e-10,1.107102980313357e-05,0.00045819266233593225,1.2522804354375694e-05,0.038235120475292206,2.167609736147824e-08,0.9611176252365112,1.4258863423322055e-08,7.768439536448568e-05,Saxophone
ac097834.wav,Saxophone,0.0007011907291598618,1.7832868252298795e-05,0.03252057731151581,0.0035640988498926163,0.00011780916975112632,0.0071732946671545506,3.0449913538177498e-05,0.9557830691337585,5.180914286029292e-06,8.649528172099963e-05,Saxophone
4345851e.wav,Saxophone,0.011366477236151695,4.1112591134151444e-05,0.011060920543968678,0.0015298686921596527,4.813686973648146e-05,0.0022609264124184847,1.1055403774662409e-05,0.9690888524055481,0.004014148376882076,0.0005786201800219715,Saxophone
5d4f8187.wav,Saxophone,6.292391481110826e-05,8.127161709126085e-05,0.003215928329154849,0.0011559159029275179,0.0002670035173650831,0.00012156820594100282,1.0182304777117679e-06,0.9947620034217834,0.00031033088453114033,2.228543598903343e-05,Saxophone
b83049f4.wav,Saxophone,7.06321225152351e-05,4.7180059482343495e-05,0.000539191416464746,0.001210999907925725,0.00010934721649391577,7.01540193404071e-05,4.847012405662099e-06,0.9976837635040283,1.1362786608515307e-05,0.00025248125893995166,Saxophone
c1c3c8b9.wav,Saxophone,6.625417154282331e-05,8.803416449154611e-07,6.537574336107355e-06,8.150267967721447e-05,0.003140505636110902,0.007951750420033932,2.2650160826781507e-12,0.9817987680435181,1.122567967401511e-12,0.006953987292945385,Saxophone
78a86075.wav,Saxophone,0.0008943734574131668,1.2891167898487765e-05,0.020466605201363564,0.010015001520514488,0.0013628166634589434,0.0036724507808685303,2.4572742404416203e-05,0.9633954167366028,1.126759457292792e-06,0.00015481420268770307,Saxophone
f0d315bc.wav,Saxophone,8.2056367318728e-06,3.563883055335282e-08,0.0002693964634090662,0.020619310438632965,7.43034934203024e-06,0.0005660905153490603,1.048067588271806e-06,0.9752326607704163,8.854312909534201e-06,0.003286807332187891,Saxophone
9c0838c1.wav,Saxophone,0.0016192712355405092,1.119115131587023e-05,0.01606575958430767,0.0026813922449946404,0.008397825062274933,0.032312341034412384,0.0003390273777768016,0.9309709072113037,0.0067952838726341724,0.0008070393814705312,Saxophone
d6144e01.wav,Violin_or_fiddle,7.805459403820159e-12,1.6444323694184282e-18,3.7775095551584315e-11,1.9842957044602372e-05,1.9595714211440712e-13,3.0564990538550774e-09,4.594122219714336e-05,1.6051177453846321e-06,4.130360636844799e-11,0.9999326467514038,Violin_or_fiddle
cfb9c5fd.wav,Violin_or_fiddle,0.011921177618205547,0.02936481311917305,0.019324610009789467,0.04089033603668213,0.0032799309119582176,0.017919186502695084,0.00014219192962627858,0.0031705121509730816,0.036162130534648895,0.8378251791000366,Violin_or_fiddle
c6865306.wav,Violin_or_fiddle,0.06657188385725021,5.472765406011604e-05,0.060953810811042786,0.002168772742152214,0.0023024161346256733,0.007546527311205864,0.00528806634247303,0.03345103561878204,0.000903915730305016,0.8207586407661438,Violin_or_fiddle
642aba58.wav,Violin_or_fiddle,0.016881251707673073,3.543128457295097e-09,3.538551754900254e-05,0.00017685546481516212,0.0010896505555137992,0.0012994123389944434,1.165012797343934e-08,0.0009740701061673462,5.513681571756024e-06,0.9795379042625427,Violin_or_fiddle
848faca3.wav,Violin_or_fiddle,1.846459235821385e-05,0.0003838746633846313,0.0005125788738951087,0.0009012471418827772,8.791987966105808e-06,0.0002510302292648703,3.1138361578086915e-07,0.0028882401529699564,0.0004081337829120457,0.9946273565292358,Violin_or_fiddle
7eb9dac0.wav,Violin_or_fiddle,0.003247408661991358,0.010145759209990501,0.010803715325891972,0.022204499691724777,0.0023887804709374905,0.010444827377796173,0.012434743344783783,0.002292508026584983,0.0031506549566984177,0.9228870868682861,Violin_or_fiddle
8d7d7dba.wav,Violin_or_fiddle,0.014109446667134762,0.0016502650687471032,0.02281329594552517,0.006381952669471502,0.0005304889637045562,0.002337982878088951,4.014018122688867e-05,0.03215114772319794,0.0006187956896610558,0.9193664789199829,Violin_or_fiddle
2424ad60.wav,Violin_or_fiddle,0.0009867115877568722,0.016187533736228943,0.0007804370834492147,0.0013920023338869214,0.010391206480562687,0.0004400854231789708,4.403794082463719e-05,0.022451970726251602,2.1082962120999582e-05,0.9473049640655518,Violin_or_fiddle
ba648ac1.wav,Violin_or_fiddle,1.9663246348500252e-05,6.315081554930657e-05,0.0002046598237939179,0.00014267241931520402,1.5296978745027445e-05,4.220270420773886e-05,5.4212364375416655e-08,3.471931995591149e-05,5.6162054534070194e-05,0.9994213581085205,Violin_or_fiddle
2e4a9850.wav,Violin_or_fiddle,6.181286153150722e-05,9.518532880295472e-13,1.7979614312935155e-06,1.280704509554198e-05,3.0159714725641606e-09,2.0499996026046574e-05,9.964465874645612e-08,0.00018367433222010732,1.1627391410806709e-10,0.9997193217277527,Violin_or_fiddle
2cc8683d.wav,Violin_or_fiddle,0.008178036659955978,0.007630699779838324,0.017616691067814827,0.013585642911493778,0.0021540988236665726,0.008071239106357098,1.8210146663477644e-05,0.007334853522479534,5.202781539992429e-05,0.9353585839271545,Violin_or_fiddle
7b6a119e.wav,Violin_or_fiddle,6.609331748563818e-09,7.967901338723493e-11,2.5621238819439895e-07,0.003499031998217106,2.909614295276697e-06,0.00012555807188618928,0.0009232446900568902,3.5252955967735033e-06,3.8166501070691083e-08,0.9954454898834229,Violin_or_fiddle
68589f79.wav,Violin_or_fiddle,0.00016908648831304163,0.05954286456108093,0.004467450547963381,0.0322604738175869,0.0029447891283780336,0.0002293374709552154,6.763207238691393e-06,0.0003330407489556819,4.0501861803932115e-05,0.9000057578086853,Violin_or_fiddle
fec00143.wav,Violin_or_fiddle,9.082318115360977e-07,6.317943075373478e-07,6.952558760531247e-05,0.0014292496489360929,1.5288552646097742e-08,0.0021388144232332706,5.868261268915376e-06,0.012837647460401058,2.68348419041331e-08,0.9835173487663269,Violin_or_fiddle
1b24c166.wav,Violin_or_fiddle,0.0036634227726608515,0.09487158060073853,0.021149830892682076,0.02277974784374237,0.02384580858051777,0.007074226159602404,0.00020926351135130972,0.004748770035803318,0.0004682808357756585,0.8211890459060669,Violin_or_fiddle
6eb59008.wav,Violin_or_fiddle,5.15697174705565e-05,7.121064293791335e-10,6.644786026299698e-06,0.004300978500396013,8.983653970062733e-06,0.000728887040168047,3.562708343451959e-06,1.608455386303831e-05,5.652611798723228e-05,0.9948268532752991,Violin_or_fiddle
0e7cd4eb.wav,Violin_or_fiddle,0.02537832222878933,0.00021834434301126748,0.019698794931173325,0.0047467732802033424,0.022634483873844147,0.0019097108161076903,5.514742042578291e-06,0.0023140315897762775,5.901157783227973e-05,0.9230349063873291,Violin_or_fiddle
56e79c6f.wav,Violin_or_fiddle,0.002622034167870879,1.95560225790814e-08,0.007434927858412266,0.015788156539201736,0.0026258169673383236,0.01838153600692749,0.03396660089492798,0.007186969742178917,0.0006312705227173865,0.9113630652427673,Violin_or_fiddle
cdc5fe8e.wav,Violin_or_fiddle,0.0205195564776659,5.2281843636592384e-06,0.00039500187267549336,0.0014930727193132043,0.0723370835185051,0.19422279298305511,9.286474096370512e-07,0.009873023256659508,3.908401049557142e-05,0.7011142373085022,Violin_or_fiddle
b38409bb.wav,Violin_or_fiddle,8.61045990063758e-09,3.2740563732369665e-12,1.6746263042932696e-08,4.388706656754948e-06,5.91116311454698e-09,1.24763568365438e-08,6.451139622498658e-10,2.2774221397625638e-10,1.2738439192361284e-09,0.9999955892562866,Violin_or_fiddle
c8c117dc.wav,Violin_or_fiddle,0.005491974763572216,0.006909227930009365,0.05158066377043724,0.0002694580180104822,0.0008945396402850747,0.001135018072091043,4.041922238684492e-06,0.0008438372169621289,0.0014909154269844294,0.9313803911209106,Violin_or_fiddle
b73c3595.wav,Violin_or_fiddle,4.049080075674283e-07,8.144455596048594e-12,1.58303748776234e-07,7.466603619832313e-06,2.982780600291335e-08,1.0856067689246629e-07,1.5477708090877451e-12,1.6697763172146551e-09,6.945510904188268e-07,0.999991238117218,Violin_or_fiddle
d84c8c43.wav,Violin_or_fiddle,0.0004449714324437082,0.031587205827236176,0.013781188987195492,0.006951497867703438,0.007532703224569559,0.0020054946653544903,7.325338083319366e-05,0.0030017392709851265,0.0003278696385677904,0.9342940449714661,Violin_or_fiddle
d914225a.wav,Violin_or_fiddle,0.004960642661899328,5.293844878906384e-05,0.00382411340251565,0.0004427644016686827,0.002882643137127161,0.00014172181545291096,1.2190484085294884e-05,0.0007037896430119872,1.0170545010623755e-06,0.9869781732559204,Violin_or_fiddle
1148986e.wav,Violin_or_fiddle,0.0733187198638916,2.3148936989514368e-08,0.0035898832138627768,0.00012628071999642998,0.0004619951359927654,0.009587692096829414,2.491797168602261e-08,0.01208123005926609,0.0002599908330012113,0.900574266910553,Violin_or_fiddle
e3f479f3.wav,Violin_or_fiddle,0.0009681339142844081,3.6898443795507774e-05,0.0033902511931955814,0.009291407652199268,6.469598156400025e-05,0.0055692377500236034,0.003287428291514516,0.008391681127250195,0.011202250607311726,0.9577980637550354,Violin_or_fiddle
aab28420.wav,Violin_or_fiddle,5.9148991567781195e-05,0.03153274208307266,0.0033424177672713995,0.0017197983106598258,0.0014127350877970457,0.000306156201986596,1.5434188753715716e-05,0.00027438177494332194,3.825874955509789e-05,0.961298942565918,Violin_or_fiddle
21346775.wav,Violin_or_fiddle,0.010719245299696922,0.005968205630779266,0.0016631478210911155,0.0008362057851627469,0.05329424515366554,0.0039414395578205585,1.4492978834823589e-06,0.004064904525876045,9.693911124486476e-05,0.9194141626358032,Violin_or_fiddle
cdeece57.wav,Violin_or_fiddle,0.015655694529414177,0.0002820746449287981,0.0033439211547374725,0.0005987902986817062,0.014119251631200314,0.027370510622859,3.4619799407664686e-05,0.0026158413384109735,7.274910984733651e-08,0.9359792470932007,Violin_or_fiddle
c9fb642d.wav,Violin_or_fiddle,0.06041666492819786,0.0019609008450061083,0.000967547413893044,0.0025153791066259146,9.946772479452193e-06,0.0017647063359618187,3.9662253925598634e-07,0.007936812937259674,7.556815398856997e-05,0.9243520498275757,Violin_or_fiddle
078f7ac0.wav,Hi-hat,4.0063381757070304e-13,5.330208063120123e-12,1.482614757960382e-13,6.244802452926024e-09,3.588515931889774e-13,9.853521021341294e-08,0.9999998807907104,1.0479244555439138e-10,8.791538608221572e-10,4.2095331664882e-09,Hi-hat
e897db78.wav,Hi-hat,7.012106281907571e-13,6.521625886452855e-16,1.90326541419511e-14,7.774768384649633e-09,3.559811814898492e-14,1.974291397033312e-09,1.0,1.1633255123100206e-11,1.523023200611373e-11,1.7934626006521626e-10,Hi-hat
b31ed1fb.wav,Hi-hat,9.719418159193083e-08,3.6462996177988316e-08,3.4554977901279926e-06,6.484374171122909e-05,1.188089754577959e-06,4.571367026073858e-05,0.9956517815589905,0.00010769513028208166,0.004113025963306427,1.2178459655842744e-05,Hi-hat
06c48eab.wav,Hi-hat,1.7640886653680354e-05,2.2773270757170394e-05,0.0001631816994631663,0.0009885434992611408,0.0001561532699270174,0.0004645163717214018,0.968410849571228,3.447987182880752e-05,0.029693908989429474,4.7954516048775986e-05,Hi-hat
2503aaa1.wav,Hi-hat,1.2877319870152615e-11,3.3195067788288624e-12,2.554462446690414e-13,3.468406077899999e-07,9.562978013633039e-12,2.761974542409007e-07,0.9999994039535522,1.1325566040554236e-09,4.758490046441466e-09,3.199728482172759e-09,Hi-hat
3d3439f1.wav,Hi-hat,1.6633763810780522e-10,1.197626152166665e-14,6.27429152470077e-15,7.119304035185792e-10,9.969703014534037e-13,2.6154128862643233e-10,1.0,1.3268950825248704e-12,2.1182193499225122e-10,1.62896612865282e-10,Hi-hat
34a90030.wav,Hi-hat,7.013082978658391e-15,8.872630055927876e-20,1.9682609150977604e-16,1.7857434420065488e-09,2.5467469964215356e-17,3.3440666902251337e-10,1.0,7.783635931971067e-13,2.125433516523851e-14,2.342058214033216e-10,Hi-hat
da4b0379.wav,Hi-hat,5.787149324207666e-16,9.78995215066805e-22,1.488973828703408e-19,2.7666345776833356e-12,1.1749660127639574e-18,1.8611826489711714e-12,1.0,2.1186843580001287e-15,6.248324205043385e-14,1.626145940993029e-12,Hi-hat
a090c45a.wav,Hi-hat,4.3361063302221545e-14,2.7035192705552914e-18,5.063630125751947e-17,2.8133155527410025e-11,1.3610552089329277e-15,8.309104272685719e-13,1.0,6.420843894685288e-15,3.8787857474520404e-12,1.1223996558562543e-11,Hi-hat
41897c32.wav,Hi-hat,1.0025736317531564e-11,1.64802153194569e-19,1.29693783490481e-10,3.9781829400453717e-05,1.2737864148876232e-12,5.431929395172119e-08,0.9999601244926453,5.782522460862083e-09,7.849099148415917e-10,3.999040032454104e-08,Hi-hat
2032be87.wav,Hi-hat,9.3519274626825e-14,9.629414453315999e-12,9.80713774079156e-12,1.9842676124426362e-07,6.211215352810995e-13,8.636096708869445e-07,0.999998927116394,1.3367680296028084e-09,1.672485150372438e-09,8.210511437400925e-11,Hi-hat
73677128.wav,Hi-hat,2.6827196714096502e-11,1.0006200714495533e-16,8.327058614075267e-16,2.1226000956886537e-09,1.9065760848211008e-15,2.1217819168306562e-10,1.0,4.133870763062264e-12,9.235898504322826e-12,4.457701319182661e-09,Hi-hat
c53a217e.wav,Hi-hat,3.1308273031396827e-13,4.42863595527033e-15,1.3613460165195438e-14,4.832429123524662e-09,4.258822790004788e-15,3.0369886161452087e-08,1.0,2.0655975194183718e-11,3.95262052255152e-11,6.740908276015034e-09,Hi-hat
f0dfe343.wav,Hi-hat,1.1729200943833007e-09,6.899021909312353e-10,7.2040315899357665e-06,0.0022683634888380766,8.333763679146955e-10,0.02857336215674877,0.969117283821106,3.176249811076559e-05,1.2438528074198985e-06,8.055473017520853e-07,Hi-hat
0ed06544.wav,Hi-hat,9.683688313028016e-13,1.62238417145133e-11,1.1248664326390934e-11,5.572223926719744e-07,4.3290216788886837e-13,4.159632680966752e-06,0.9999952912330627,5.073355069384888e-09,2.9077735774762914e-09,2.7512808697949254e-10,Hi-hat
99c96a07.wav,Hi-hat,1.4466258191347947e-09,1.163948695648287e-06,2.167292789678754e-09,1.525517291156575e-06,4.098724204482096e-08,1.212210349876841e-06,0.9996607899665833,3.469907028375019e-08,0.00033523933961987495,8.324068545562113e-09,Hi-hat
3a3d0279.wav,Hi-hat,5.190721550502042e-12,1.0137306194607227e-16,1.0177490496416156e-14,6.430682097935403e-10,1.1624567682142622e-13,2.18111509756036e-12,1.0,6.354440492675403e-14,1.465891158458632e-10,7.051762646037574e-11,Hi-hat
612702c3.wav,Hi-hat,4.436466838342312e-08,9.13274772647299e-13,2.5956977012242533e-08,1.5661674979128293e-07,6.660058460283835e-08,2.0251161458872957e-06,0.9999977946281433,8.919446292665612e-10,4.6169781886540306e-10,5.79787240440055e-09,Hi-hat
d6854eb4.wav,Hi-hat,0.004475617781281471,0.0014745609369128942,0.020432010293006897,0.002613682532683015,0.00020836085604969412,0.002310838783159852,0.9135065078735352,0.051763392984867096,8.81188825587742e-05,0.0031267351005226374,Hi-hat
52300f9b.wav,Hi-hat,1.353661215237889e-12,6.212989209209135e-15,1.2306124175243127e-10,5.2003198192096534e-08,1.7507686923476373e-12,1.1396825811971212e-06,0.9999972581863403,7.352740638566502e-09,5.4094610735244686e-12,1.6369754121114966e-06,Hi-hat
09a1cfd7.wav,Hi-hat,1.189342569742069e-12,2.799753159345164e-13,1.2828602824401392e-14,1.2047416397820143e-08,4.3183382217315547e-13,3.0612732349055705e-09,1.0,5.12042708580851e-12,5.553429271998311e-09,3.233277423575487e-09,Hi-hat
3aafb6ad.wav,Hi-hat,1.9191497002690738e-10,2.0929029620475603e-09,1.5079198334433386e-08,0.00030745891854166985,5.504794398092372e-09,1.0709298294386826e-05,0.999534010887146,5.3296389523893595e-05,1.9518934024631562e-08,9.45251013035886e-05,Hi-hat
493c247b.wav,Hi-hat,1.1316762414323445e-12,1.324370436451075e-13,4.175493978353373e-11,2.3730468967642082e-07,9.357078913779793e-13,9.2554031994041e-08,0.9999997615814209,7.179578265237296e-09,6.928690954310923e-10,1.2272248994804613e-08,Hi-hat
5ec7ad26.wav,Hi-hat,8.241601845426771e-11,6.935548056002938e-13,6.3505424877097205e-12,1.0328200914955232e-05,6.548944546380664e-12,1.5027731024019886e-06,0.9999858736991882,6.495846083254264e-09,6.097709004393437e-09,2.2642227577307494e-06,Hi-hat
a1b369d7.wav,Hi-hat,4.229930641863611e-12,4.991667935360702e-19,8.934396625304153e-12,3.6935506386726047e-07,4.775503993983965e-14,1.8668715462411e-09,0.9999996423721313,2.159004502955142e-10,1.772621216478143e-10,1.7298067422899521e-09,Hi-hat
8cd809d3.wav,Hi-hat,7.114828864951406e-11,1.043245845266938e-08,6.231945803847339e-07,0.04298540577292442,5.522683750314172e-06,1.1796216767834267e-06,0.9368516206741333,0.020149460062384605,8.558558306503983e-07,5.275681360217277e-06,Hi-hat
aed9d22f.wav,Hi-hat,4.3416537184003123e-14,1.9260317963448216e-14,8.237303200653301e-11,2.045141478390633e-08,2.1603031524568793e-14,1.7560594756105274e-07,0.9999998211860657,2.5130699743414198e-09,2.2415838629719076e-10,2.301858842423954e-10,Hi-hat
a7964699.wav,Hi-hat,6.322685430770747e-12,1.988566082633536e-11,4.6053905133902617e-10,8.381614861718845e-06,1.6102880747576043e-12,4.219171216846007e-07,0.9999827742576599,8.203996003430802e-06,1.0194102451066556e-08,3.8010094272067363e-07,Hi-hat
da3f8050.wav,Hi-hat,5.946986334492976e-07,1.5501498751291365e-08,3.1185852549242554e-06,0.002385235158726573,3.148803955355106e-07,0.021594131365418434,0.9758595824241638,0.00010063783702207729,1.3172440915809602e-08,5.612855602521449e-05,Hi-hat
468f9c4c.wav,Hi-hat,1.1034224911554702e-07,3.3485248422948644e-05,0.00022667465964332223,0.00012001410505035892,8.058027742663398e-05,0.00014300024486146867,0.999359130859375,3.2864685636013746e-05,2.3673774194321595e-06,1.5817025769138127e-06,Hi-hat
229be2be.wav,Snare_drum,0.0007061276701278985,0.0006801801500841975,0.012548071332275867,1.0497118637431413e-05,6.314052734524012e-05,0.0001440039195585996,8.86607012944296e-05,1.0612592404868337e-06,0.9857484102249146,9.785511792870238e-06,Snare_drum
b6cbc6a9.wav,Snare_drum,0.0012949523515999317,5.491032197824097e-07,8.897560473997146e-05,6.317374754871707e-06,1.4579737417363958e-08,1.470204892939364e-06,0.00020063645206391811,1.4800549251958728e-05,0.9983909726142883,1.2724509588224464e-06,Snare_drum
ae7d1c37.wav,Snare_drum,0.02060919627547264,0.0050221653655171394,0.00133665616158396,0.0027826237492263317,0.0004650919290725142,5.726999006583355e-06,8.721083304408239e-07,0.04896615073084831,0.9208009243011475,1.0744645805971231e-05,Snare_drum
82d4fb44.wav,Snare_drum,0.0012065389892086387,2.8381377887853887e-06,0.0001240002311533317,0.0007200397667475045,0.00032640801509842277,6.1188629842945375e-06,0.028539886698126793,7.725971227046102e-05,0.9689783453941345,1.851769229688216e-05,Snare_drum
4c590f69.wav,Snare_drum,0.00043606298277154565,0.0003330053004901856,0.0004631239571608603,0.0002977914409711957,0.0006417594850063324,0.00023163316654972732,7.306910993065685e-05,0.0025788915809243917,0.9878712296485901,0.0070734103210270405,Snare_drum
1c9a423f.wav,Snare_drum,1.4064588382822762e-09,6.625339860066859e-11,1.4036801076144911e-05,2.7758540454669856e-05,4.7907101896615956e-11,0.19342541694641113,8.002059084799562e-12,6.783440767321736e-05,0.8061736226081848,0.0002913271600846201,Snare_drum
f0727eac.wav,Snare_drum,3.4482811770431e-06,5.070845077170816e-07,3.437782424953184e-06,6.564325758517953e-06,2.504441098949428e-10,0.0002978038974106312,0.0022354344837367535,2.9124705633876147e-06,0.9974495768547058,3.4825563943741145e-07,Snare_drum
31db8c5e.wav,Snare_drum,0.003854975337162614,9.370312909595668e-06,0.10109882801771164,2.391293855907861e-05,0.0031506556551903486,0.000339044927386567,0.031293876469135284,4.7746016207383946e-06,0.8599976897239685,0.00022696533415000886,Snare_drum
b86b5a96.wav,Snare_drum,6.676322664134204e-05,0.0003456519334577024,1.609709215699695e-06,2.5471492335782386e-05,3.299730678918422e-06,2.3567738026031293e-05,8.414062176598236e-05,0.0005455607897602022,0.9988825917243958,2.1353309421101585e-05,Snare_drum
6fca680b.wav,Snare_drum,0.02268250845372677,3.4005986435658997e-06,7.639799150638282e-05,0.0005207228241488338,0.006967364810407162,4.017568244307768e-06,4.524134311623129e-08,0.021238097921013832,0.9484390020370483,6.849884812254459e-05,Snare_drum
1bc8eae1.wav,Snare_drum,0.0017517978558316827,3.6177905826662027e-07,6.172837311169133e-05,2.0350505565147614e-06,9.546286491968203e-06,2.272112760692835e-05,7.039906904537929e-06,2.0734029021696188e-05,0.9981231689453125,1.0690002909541363e-06,Snare_drum
46b52f97.wav,Snare_drum,5.694131232303334e-06,7.4205795499437954e-06,5.253315521258628e-06,2.7458856948214816e-06,6.249611317343806e-08,4.375277057988569e-06,7.848157838452607e-05,4.11835681006778e-05,0.9998547434806824,2.9468719020542267e-08,Snare_drum
0c67f402.wav,Snare_drum,0.0013050900306552649,0.00012853955558966845,1.7658992135238805e-07,1.820564466470387e-05,1.689510463620536e-05,2.550081080698874e-05,1.0995036973326933e-05,9.349341780762188e-06,0.9984827041625977,2.7232392767473357e-06,Snare_drum
c8ecbbfd.wav,Snare_drum,8.450105815427378e-05,7.048816428323335e-07,3.102121627307497e-05,2.8683589334832504e-06,0.0016128765419125557,0.0001674576342338696,1.2809395229851361e-05,0.00042609675438143313,0.99763423204422,2.7351170501788147e-05,Snare_drum
9f84ea5a.wav,Snare_drum,0.05083673819899559,6.735468559782021e-06,0.07078783959150314,0.01726711168885231,0.05578159540891647,0.0005142065929248929,2.723169956198035e-08,3.1804760510567576e-05,0.8038060665130615,0.000967876345384866,Snare_drum
e4958adc.wav,Snare_drum,6.417292752303183e-05,1.6605212294962257e-05,0.001999587519094348,0.03474077582359314,6.157216557767242e-05,6.401645578080206e-07,7.663417704861786e-07,8.515543413523119e-06,0.963107168674469,3.1967135782906553e-07,Snare_drum
5ce40b1b.wav,Snare_drum,0.001041574403643608,0.00031506732921116054,0.005284052807837725,5.410033281805227e-06,5.5340973631246015e-05,8.97731224540621e-05,5.82082748223911e-06,5.6267531363118906e-06,0.9923745393753052,0.0008227003854699433,Snare_drum
9d308738.wav,Snare_drum,0.003110244870185852,5.2426388720050454e-05,0.0015727730933576822,0.00023269531084224582,1.0474914233782329e-05,0.032693661749362946,0.00016719730047043413,0.009044375270605087,0.9529050588607788,0.00021110923262313008,Snare_drum
1e3391d5.wav,Snare_drum,0.004682634025812149,4.660712875192985e-05,0.00015531152894254774,0.019603567197918892,6.501533789560199e-05,2.14945180232462e-06,8.561595166156621e-08,0.002764551667496562,0.9726776480674744,2.4729281449253904e-06,Snare_drum
ff3f21e7.wav,Snare_drum,0.001118911080993712,2.873480298148934e-06,5.453654011944309e-06,0.00613192655146122,0.00040632221498526633,2.2297159375739284e-05,3.957632088713581e-06,0.004312748089432716,0.9876363277435303,0.00035927107091993093,Snare_drum
b68f10af.wav,Snare_drum,0.013817943632602692,0.006531692110002041,0.004479011055082083,0.0007562749087810516,0.0005214041448198259,0.0063983178697526455,0.001155763166025281,0.018490036949515343,0.9476186037063599,0.00023101286205928773,Snare_drum
e8e00924.wav,Snare_drum,0.012390554882586002,2.7095609311800217e-07,6.544858479173854e-05,7.640390435881272e-07,0.0003781434497795999,0.00026496167993173003,2.0693209989985917e-06,0.0005516935489140451,0.9862895607948303,5.654066990246065e-05,Snare_drum
22e1c02c.wav,Snare_drum,0.00043931580148637295,0.00013736756227444857,0.0015979040181264281,2.7747557396651246e-05,0.0016463998472318053,0.0010502663208171725,0.0018436323152855039,0.0008915446233004332,0.9904987812042236,0.0018670797580853105,Snare_drum
5c33d972.wav,Snare_drum,0.007491058204323053,0.06433035433292389,0.11731994152069092,0.012163209728896618,0.00982121005654335,0.011803360655903816,0.00022546411491930485,0.0041484227403998375,0.671058177947998,0.1016387939453125,Snare_drum
9320c55f.wav,Snare_drum,0.003162953071296215,0.00027016401872970164,0.003822089871391654,0.000638060737401247,0.00018339800590183586,0.003951565362513065,6.640942592639476e-05,0.0063615781255066395,0.9582447409629822,0.02329905703663826,Snare_drum
f1754aea.wav,Snare_drum,0.001274220529012382,0.023246241733431816,0.003331307554617524,0.0021237588953226805,5.131333819008432e-05,0.051552996039390564,0.00614521699026227,0.00037863512989133596,0.9118940234184265,2.34377762353688e-06,Snare_drum
b218444c.wav,Snare_drum,0.010621092282235622,0.0005383160896599293,0.003808941226452589,0.007268564309924841,0.010913706384599209,3.533074050210416e-05,0.000233352038776502,0.045043181627988815,0.9209511876106262,0.000586378388106823,Snare_drum
36d06cc0.wav,Snare_drum,0.0006766888545826077,2.3081681774783647e-06,1.697617153695319e-05,3.3263043519582425e-07,8.888193406164646e-06,5.673093639302351e-08,2.191897774395102e-09,0.0022393965627998114,0.9970550537109375,3.2320531317964196e-07,Snare_drum
4c4d4797.wav,Snare_drum,0.007287975400686264,4.775019533553859e-06,2.2790598450228572e-05,3.546171456036973e-06,5.2242722858864e-07,0.00048630122910253704,9.862940686389265e-08,7.48741440474987e-05,0.9918144345283508,0.0003047365171369165,Snare_drum
cae0d841.wav,Snare_drum,1.8245518731418997e-06,7.704628046667494e-08,7.54171821881755e-07,2.6096806323039345e-05,3.4970977225157185e-08,0.0002750410349108279,3.6671215639216825e-05,1.397887103848916e-06,0.9995684623718262,8.97108402568847e-05,Snare_drum
17f82c05.wav,Acoustic_guitar,0.5334916114807129,0.02793749049305916,0.11048337072134018,0.0016164121916517615,0.2987182140350342,0.0013119016075506806,2.7841584596899338e-05,0.0006790106417611241,0.000785999174695462,0.02494826726615429,Acoustic_guitar
0eeaebcb.wav,Acoustic_guitar,0.9713665246963501,4.043514252316527e-07,0.010260192677378654,0.0002094405936077237,9.540824976284057e-05,0.017918191850185394,4.1628851477071294e-07,0.00010116143675986677,1.625335426069796e-05,3.206300607416779e-05,Acoustic_guitar
e92bf0fa.wav,Acoustic_guitar,0.9984334111213684,5.325615948237328e-09,0.0001638810645090416,1.5171535778790712e-06,0.0007254482479766011,0.0002804695686791092,1.5386508733783444e-09,0.00014072060002945364,4.644349616000909e-08,0.0002545323804952204,Acoustic_guitar
10da16fb.wav,Acoustic_guitar,0.9881053566932678,5.57375257059789e-10,6.091915929573588e-05,0.008844423107802868,6.154389211587841e-07,3.325434590806253e-05,4.265233305433824e-11,0.0005957771209068596,1.1374431778676808e-05,0.0023482555989176035,Acoustic_guitar
a25423a8.wav,Acoustic_guitar,0.9504346251487732,0.0026075351051986217,0.002216540277004242,0.00778286112472415,0.0239939633756876,0.0028519672341644764,1.199633061332861e-06,0.010023795068264008,7.408768396999221e-06,7.967077544890344e-05,Acoustic_guitar
16c9a838.wav,Acoustic_guitar,0.9434606432914734,1.43953627684823e-07,0.015481294132769108,0.032000843435525894,0.0014426574343815446,0.007098138798028231,2.1111843176435663e-11,6.469429081334965e-06,2.683597131181159e-07,0.0005095998058095574,Acoustic_guitar
70ca9c77.wav,Acoustic_guitar,0.8720078468322754,5.853128823218867e-05,0.0283362977206707,0.01886831782758236,0.07239940017461777,9.58853979682317e-06,1.5654526350772358e-06,0.008038927800953388,0.0001983540423680097,8.113793592201546e-05,Acoustic_guitar
38216fad.wav,Acoustic_guitar,0.9479855895042419,0.0023847806733101606,0.011067201383411884,6.547506200149655e-05,0.00623738206923008,0.0007272653747349977,1.1107040336355567e-05,0.0193251334130764,0.010380162857472897,0.001815754221752286,Acoustic_guitar
d8a257e5.wav,Acoustic_guitar,0.9336050748825073,0.01610247790813446,0.01642691344022751,0.0011212644167244434,0.019108779728412628,0.0008554549422115088,4.588220690493472e-05,0.0006122589111328125,0.0004399797471705824,0.011681931093335152,Acoustic_guitar
7506dcc4.wav,Acoustic_guitar,0.9677005410194397,9.39997746307597e-10,1.230191401191405e-06,0.01009920984506607,0.02150547318160534,6.581066827493487e-06,2.3401028670377855e-08,0.0006823129369877279,4.4154207898827735e-06,1.780286424946098e-07,Acoustic_guitar
a6728901.wav,Acoustic_guitar,0.9989277720451355,8.883166554771171e-13,2.099808625644073e-06,1.199431972054299e-05,7.93350295680284e-07,0.0008293706923723221,6.747472580670433e-10,1.513451752543915e-05,2.0570491490734533e-11,0.00021291826851665974,Acoustic_guitar
b88322f6.wav,Acoustic_guitar,0.9862427115440369,0.009155151434242725,0.003977120388299227,9.876882359094452e-06,0.0005352894077077508,2.4595252398285083e-05,1.54278325226187e-07,4.544053808785975e-05,5.641893494612304e-07,8.956539204518776e-06,Acoustic_guitar
35039ae1.wav,Acoustic_guitar,0.9758284687995911,1.4938078720660997e-06,0.004881964530795813,3.1663960271544056e-06,0.0019118728814646602,0.016430111601948738,4.642649400921073e-06,0.0005539450794458389,8.861356377565244e-07,0.00038356840377673507,Acoustic_guitar
236cbab1.wav,Acoustic_guitar,0.9524503946304321,0.002082884544506669,0.00963979959487915,0.002426642458885908,0.019897961989045143,0.0006885335315018892,9.322314144810662e-05,0.00015250434807967395,0.012550609186291695,1.747569694998674e-05,Acoustic_guitar
0356dec7.wav,Acoustic_guitar,0.9391515851020813,0.001387849566526711,0.005140755325555801,6.637898331973702e-05,0.011879273690283298,0.0026775216683745384,4.081346560269594e-06,0.028005657717585564,0.0001227639731951058,0.011564122512936592,Acoustic_guitar
bb1f5874.wav,Acoustic_guitar,0.9747291803359985,0.00015238845662679523,0.0027001544367522,3.9095426473068073e-05,0.0208816546946764,8.558251283830032e-05,1.9307320542338857e-07,0.00012116821017116308,1.2461949154385366e-05,0.0012780849356204271,Acoustic_guitar
34747922.wav,Acoustic_guitar,0.959990918636322,2.2444247349540092e-08,0.0005253529525361955,1.0746126463345718e-05,4.9354948714608327e-05,0.03107307478785515,0.000826596689876169,2.545854113122914e-05,3.5487936145273125e-08,0.007498458959162235,Acoustic_guitar
44fb3eeb.wav,Acoustic_guitar,0.9368618130683899,1.4097664702283907e-10,0.00015264433750417084,2.818359689626959e-06,1.8878864693760988e-07,0.0005973968654870987,3.3679201788539004e-11,0.06225400045514107,4.76742245680839e-09,0.0001310804218519479,Acoustic_guitar
367ad7b1.wav,Acoustic_guitar,0.9265093207359314,5.7806737459031865e-06,0.0037893294356763363,0.00017457565991207957,0.017513034865260124,0.02229219861328602,9.230692512574024e-07,0.02854357473552227,2.8986150937271304e-06,0.001168308313935995,Acoustic_guitar
160c92d7.wav,Acoustic_guitar,0.9977146983146667,7.445553062979116e-10,1.645751399337314e-05,4.883508609054843e-06,2.2865577875563758e-07,0.00028709336766041815,4.257928731821181e-10,0.00010444256622577086,4.292891162549495e-07,0.001871790154837072,Acoustic_guitar
2016d256.wav,Acoustic_guitar,0.997484028339386,2.345940282311165e-13,7.447223282497362e-09,0.0025087848771363497,2.936912713025208e-09,1.6394255908380728e-07,2.948672664544738e-13,5.610578455161885e-07,6.46301279161321e-09,6.427711923606694e-06,Acoustic_guitar
fc55d588.wav,Acoustic_guitar,0.9347202777862549,3.1790862067282433e-06,0.015321625396609306,0.002648815745487809,0.027394378557801247,0.008888277225196362,2.602605242429945e-08,0.005864756181836128,0.0041581266559660435,0.0010005674557760358,Acoustic_guitar
c7846d27.wav,Acoustic_guitar,0.9850686192512512,4.816967380527615e-10,6.911963282618672e-05,0.008838826790452003,1.4874204907755484e-06,0.0060100192204117775,4.595655056505166e-08,1.3707757773318008e-07,2.9771038967396635e-09,1.182060077553615e-05,Acoustic_guitar
55822aae.wav,Acoustic_guitar,0.9678971171379089,5.4896128858672455e-05,0.011337854899466038,0.0011020044330507517,0.018068823963403702,0.0007569840527139604,6.158489895824459e-07,0.00019546299881767482,0.0005842495011165738,1.902160533973074e-06,Acoustic_guitar
9923ddf8.wav,Acoustic_guitar,0.9999968409538269,3.767949832895502e-16,7.446752090835285e-13,2.6710788461059565e-06,8.324310685203784e-10,1.1789199305667353e-07,1.0470336620285736e-12,1.3488125893967862e-10,2.032321949618776e-10,3.5332516290509375e-07,Acoustic_guitar
32dee61b.wav,Acoustic_guitar,0.8060581684112549,0.07599885761737823,0.030676428228616714,0.000807981938123703,0.06099725142121315,0.0011656144633889198,6.238180048967479e-06,0.009838373400270939,5.188521754462272e-06,0.014445854350924492,Acoustic_guitar
fa4d4a92.wav,Acoustic_guitar,0.8605515956878662,7.3276478360639885e-06,0.004953689407557249,0.01582222990691662,0.11862143874168396,1.7505817595520057e-05,1.0633633706902401e-07,2.3131542548071593e-06,2.313385994057171e-05,7.14656039235706e-07,Acoustic_guitar
8da75280.wav,Acoustic_guitar,0.7794439196586609,2.1174739231355488e-05,0.023759080097079277,0.005741481203585863,0.19049125909805298,0.00013283523730933666,3.026307524578442e-07,0.00037471074028871953,2.9850436476408504e-05,5.607527327811113e-06,Acoustic_guitar
b2261238.wav,Acoustic_guitar,0.9604418873786926,1.2094136536688893e-07,0.004333212040364742,0.002003799192607403,8.118497498799115e-05,0.013258308172225952,2.7263010338174354e-07,0.01575859636068344,0.0033890933264046907,0.0007334972033277154,Acoustic_guitar
673defaf.wav,Acoustic_guitar,0.9995673298835754,1.6582448955637652e-11,0.00011581098078750074,3.6532364902086556e-06,6.715865363826623e-11,5.119164256939257e-07,2.6171623201953764e-10,0.0002123537997249514,1.0543378436977946e-07,0.00010037676111096516,Acoustic_guitar
e6597186.wav,Double_bass,0.31041601300239563,6.782085506529256e-07,0.0451991967856884,2.5324237867607735e-05,0.644142210483551,1.9391552541492274e-06,2.4585650848507612e-08,4.44229954155162e-06,0.00017147308972198516,3.866221595671959e-05,Double_bass
fcfafbc8.wav,Double_bass,0.0050667766481637955,0.00015049244393594563,0.0016236696392297745,4.7501836775154516e-07,0.9931449890136719,1.4685758165100538e-09,5.8355216492334e-11,8.719916877453215e-08,1.3279142876854166e-05,4.61568738785445e-08,Double_bass
444f9db5.wav,Double_bass,0.0032990938052535057,2.7437985750111693e-07,0.0020486104767769575,2.751835154413129e-06,0.9631240963935852,0.0018884511664509773,2.238283308697575e-10,0.028992028906941414,0.00048206208157353103,0.00016266517923213542,Double_bass
19893aa8.wav,Double_bass,0.010032352060079575,0.03682013973593712,0.008418610319495201,0.015980418771505356,0.9160224199295044,0.009675528854131699,5.380841685109772e-05,0.0003185231180395931,0.00021961996390018612,0.002458504866808653,Double_bass
f042282c.wav,Double_bass,0.010491798631846905,0.05930349603295326,0.018683673813939095,0.010901672765612602,0.8986266851425171,0.0009808080503717065,1.9096674805041403e-05,0.00010843639756785706,5.117124965181574e-05,0.0008331835269927979,Double_bass
95e1d0ae.wav,Double_bass,0.0038539902307093143,0.048854902386665344,0.04389747604727745,0.0013655932852998376,0.8851441144943237,0.0005163376918062568,2.9427706977003254e-05,0.01625842973589897,5.961208444205113e-05,2.0130975826759823e-05,Double_bass
595c191d.wav,Double_bass,0.006877313368022442,5.114667510497384e-05,0.0025084076914936304,6.911205218784744e-06,0.9745839238166809,2.5697905584820546e-05,4.887587667923299e-09,0.015939446166157722,2.2430084811730922e-07,6.9087677729839925e-06,Double_bass
8073923c.wav,Double_bass,0.39269116520881653,1.5099822121555917e-06,0.04704289138317108,0.00022599643853027374,0.5599543452262878,7.861145604692865e-06,1.1028393487322319e-07,6.728375410602894e-06,6.333594501484185e-05,6.000956545904046e-06,Double_bass
6efbaf90.wav,Double_bass,0.003230743808671832,0.0023353633005172014,0.0061532980762422085,8.027403964661062e-05,0.9879900813102722,2.0718742234748788e-05,0.00012968506780453026,1.9128621886466135e-07,1.4201278872860712e-06,5.830493682879023e-05,Double_bass
642ad7e4.wav,Double_bass,0.010017258115112782,0.00012316415086388588,0.004848656710237265,2.5126403215836035e-06,0.9839727878570557,1.0453680943101062e-06,4.653233816043212e-07,0.0009624112281017005,1.2789057109330315e-05,5.896675793337636e-05,Double_bass
5eadbc6d.wav,Double_bass,0.060560278594493866,0.013082241639494896,0.028022725135087967,0.0016750789945945144,0.8741440176963806,0.0009240216459147632,5.824773688800633e-05,0.011126615107059479,0.00018319848459213972,0.010223505087196827,Double_bass
1a7d3f2d.wav,Double_bass,0.09591147303581238,9.324066013505217e-06,0.11915198713541031,1.714169957267586e-05,0.783240556716919,6.687123459414579e-06,6.578210559382569e-06,1.1404359838707023e-06,0.00041823479114100337,0.0012369273463264108,Double_bass
13da16ae.wav,Double_bass,0.0016074635786935687,0.0012210955610498786,0.00018209032714366913,0.003944778349250555,0.9929381012916565,4.409442624364601e-07,7.1195325190842595e-09,0.00010380846651969478,2.1899215596477006e-07,2.041901325355866e-06,Double_bass
103f29e5.wav,Double_bass,0.00356379896402359,3.049207464300707e-08,0.00018305424600839615,1.9222513856220758e-06,0.9957497715950012,6.728785228915513e-05,1.1348012807221863e-11,0.00023320365289691836,4.8401190611002676e-08,0.000200968817807734,Double_bass
da8ea649.wav,Double_bass,0.0006029769429005682,0.004077692050486803,0.00012376742961350828,3.154631258439622e-07,0.9951945543289185,2.0799124644810263e-09,1.292540727226843e-11,4.3746048561388307e-08,5.298154519550735e-07,1.3853595248747297e-07,Double_bass
ca348cbb.wav,Double_bass,0.05995471030473709,3.0755729767406592e-06,0.002045543398708105,1.9405435480734923e-08,0.9379965662956238,7.131541884808357e-11,2.8817757208310368e-11,2.0522927801636115e-09,4.2799150890004967e-08,2.2903889895786733e-09,Double_bass
8ce2e863.wav,Double_bass,0.00040670944144949317,0.0019370389636605978,0.00015257904306054115,2.7096614303445676e-06,0.9974998235702515,5.310716915118974e-07,7.265051338301021e-10,3.9209203350765165e-07,2.0231278874405234e-09,2.6665833274819306e-07,Double_bass
462b676f.wav,Double_bass,0.000786590448115021,0.013223151676356792,0.0003421523724682629,0.020250216126441956,0.9373512864112854,0.0002381418162258342,8.633566608295951e-07,0.004268664866685867,6.893881072755903e-05,0.02346988581120968,Double_bass
b428466c.wav,Double_bass,0.0014379089698195457,0.011890062130987644,0.0008405462722294033,2.0284180664020823e-06,0.9858250021934509,1.2790610526280943e-07,4.8531187957223665e-09,4.961315198670491e-07,1.297142659950623e-08,3.865157395921415e-06,Double_bass
4fd883bb.wav,Double_bass,0.18275798857212067,5.470709538712981e-07,0.0664277896285057,1.9698536561918445e-06,0.750798225402832,4.341900421422906e-07,2.6737495772977127e-07,1.7576277855368971e-07,1.2531476386357099e-05,7.10084080424167e-08,Double_bass
2ac8b94f.wav,Double_bass,0.0005888369050808251,7.510538853239268e-05,0.050312310457229614,0.0004880556953139603,0.9351149797439575,0.009984142147004604,0.00028132059378549457,0.0019526121905073524,1.7459853552281857e-05,0.0011853465111926198,Double_bass
c840804f.wav,Double_bass,0.008381747640669346,0.0009833978256210685,0.010742503218352795,1.5966722344273876e-07,0.9798234105110168,4.906930328729686e-08,1.1785920683848872e-08,1.43678988706597e-07,8.294873055092467e-07,6.781128467991948e-05,Double_bass
f63f3703.wav,Double_bass,0.0032986074220389128,0.0012348582968115807,0.007455603219568729,0.0002919540856964886,0.9815838932991028,0.00016538839554414153,3.4906668133771745e-07,2.0051904357387684e-05,2.237924036307959e-06,0.005946950986981392,Double_bass
c0ddf010.wav,Double_bass,0.017343604937195778,0.027453327551484108,0.007045771926641464,8.608912321506068e-05,0.940376341342926,0.0002519901900086552,1.597204573045019e-06,7.652336535102222e-06,4.5810460846951173e-07,0.007433135062456131,Double_bass
a0cbe92e.wav,Double_bass,0.018159236758947372,0.03903190419077873,0.009128949604928493,0.005128492601215839,0.923251748085022,0.004758484195917845,4.717198680737056e-05,1.0305538125976454e-05,0.00010366380593040958,0.00038007544935680926,Double_bass
4fb480bf.wav,Double_bass,0.0020509681198745966,0.43386930227279663,0.008683275431394577,0.014283421449363232,0.5280374884605408,0.01281612366437912,4.295613325666636e-05,6.458967163780471e-06,2.172477798012551e-05,0.00018827265012077987,Double_bass
9dd0141c.wav,Double_bass,0.0015113955596461892,1.3995562767377123e-05,0.002033049939200282,4.068287125846837e-06,0.9952015280723572,0.0008148361812345684,2.4071576731898858e-08,0.0001466763933422044,1.889491727524728e-06,0.0002725092344917357,Double_bass
deb87700.wav,Double_bass,0.00044839654583483934,0.042542848736047745,0.010436744429171085,0.031931694597005844,0.9142327904701233,0.00015372788766399026,1.6918896790230065e-06,0.0002230735117336735,2.9358859592321096e-06,2.6208899726043455e-05,Double_bass
e0ecd1a6.wav,Double_bass,0.24938850104808807,4.51314881502185e-05,0.04270967096090317,4.1515631892252713e-05,0.7027900815010071,3.995385668531526e-06,1.472982967243297e-05,0.0001816356525523588,2.72153065452585e-05,0.004797471687197685,Double_bass
0286fc27.wav,Double_bass,0.004702737554907799,0.041975028812885284,0.013503980822861195,0.0019873303826898336,0.9359945058822632,0.0009998520836234093,4.460150648810668e-06,5.8338133385404944e-05,7.58567739467253e-06,0.0007662138086743653,Double_bass
e2d993ec.wav,Cello,0.030901573598384857,0.0016456644516438246,0.8834139108657837,0.01179775781929493,0.019529806450009346,0.023567169904708862,7.049532723613083e-05,0.00027146635693497956,0.0004817064036615193,0.02832055650651455,Cello
0091fc7f.wav,Cello,0.03762054070830345,0.007815039716660976,0.7532984614372253,0.08060630410909653,0.06362428516149521,0.013552161864936352,5.843047620146535e-05,0.004037010483443737,0.001109623583033681,0.03827814757823944,Cello
e55c5160.wav,Cello,0.003955374006181955,0.0005147314514033496,0.9101207852363586,0.0030391979962587357,0.007344165816903114,0.015395686961710453,9.057076385943219e-05,0.040381595492362976,0.0002857027866411954,0.018872154876589775,Cello
a59b5a08.wav,Cello,0.005600166507065296,0.08690712600946426,0.8505514860153198,0.00479530543088913,0.03648028522729874,0.0014488286105915904,6.0301157645881176e-05,9.411788050783798e-05,0.00024906444014050066,0.013813277706503868,Cello
88500b88.wav,Cello,0.0017324996879324317,0.013588129542768002,0.9027848839759827,0.0038816637825220823,0.010702642612159252,0.04537529870867729,1.8073849787469953e-05,0.015253239311277866,0.0028272278141230345,0.003836270421743393,Cello
743ae0f9.wav,Cello,0.03975701332092285,0.08975788205862045,0.6003726720809937,0.009860159829258919,0.2422742247581482,0.00968879647552967,4.7842087951721624e-05,0.0015088968211784959,0.0001062095325323753,0.00662626139819622,Cello
9e3bc1b6.wav,Cello,0.019680127501487732,3.295887290732935e-05,0.9437820911407471,0.011810213327407837,0.009121245704591274,0.00011951447959290817,4.56595080322586e-06,0.014992991462349892,0.0003514011623337865,0.00010481345816515386,Cello
3e2bddda.wav,Cello,0.008099498227238655,0.0002291574201080948,0.8594785332679749,0.0011551296338438988,1.2373525350994896e-05,0.0014122005086392164,0.00038876765756867826,0.0846799910068512,0.04199426248669624,0.0025500806514173746,Cello
d328db67.wav,Cello,0.006257518194615841,0.0009013122762553394,0.9482225775718689,0.0031088008545339108,0.0005497889942489564,0.007758525665849447,0.0024799059610813856,6.655218021478504e-05,0.00011157496192026883,0.030543532222509384,Cello
7d896090.wav,Cello,0.0353890098631382,0.0016084581147879362,0.8416221737861633,0.013674134388566017,0.03917918726801872,0.013264579698443413,9.389553270011675e-06,0.036212168633937836,0.01798948645591736,0.0010514517780393362,Cello
4bff8f32.wav,Cello,0.014767436310648918,0.0043005128391087055,0.8559129238128662,0.00020712634432129562,0.12470401078462601,3.0284385502454825e-05,1.2041774425597396e-05,3.186589992765221e-06,4.081517181475647e-05,2.1533913241000846e-05,Cello
5e5bca7a.wav,Cello,0.00700118113309145,0.05414171144366264,0.9024483561515808,0.006710755173116922,0.01941145583987236,0.0032859137281775475,6.113078416092321e-05,0.0017923173727467656,0.00012731047172565013,0.005020019598305225,Cello
811bf309.wav,Cello,0.04071296751499176,0.020236339420080185,0.8625549674034119,0.0011970966588705778,0.03935825079679489,0.012826640158891678,0.00012234627502039075,0.0005437358049675822,0.0001252138608833775,0.022322511300444603,Cello
5689818f.wav,Cello,0.010019711218774319,0.017474809661507607,0.8912053108215332,0.0030204541981220245,0.04644564911723137,0.007215531542897224,0.0006360430852510035,0.0018613409483805299,0.0003058027650695294,0.02181527577340603,Cello
81d9f077.wav,Cello,0.0019340012222528458,0.0001401728659402579,0.8931655287742615,0.028382770717144012,0.07267146557569504,0.0009572858107276261,0.0003858300915453583,0.0002663993800524622,1.9653634808491915e-05,0.0020768942777067423,Cello
00353774.wav,Cello,0.015053466893732548,0.00023919696104712784,0.9271043539047241,0.0007959235226735473,0.008563411422073841,0.008500332944095135,0.0008136514807119966,0.037071507424116135,0.00013246886373963207,0.0017255377024412155,Cello
6a210ffa.wav,Cello,0.006180399097502232,8.932642231229693e-05,0.9272963404655457,0.0020662606693804264,0.0610562302172184,0.0022596800699830055,1.048118883772986e-05,0.00048423020052723587,0.00015848956536501646,0.0003985025978181511,Cello
e97d9707.wav,Cello,0.0012570256367325783,0.025463588535785675,0.8031437993049622,0.0035901067312806845,0.05569366365671158,0.0774785503745079,0.0002361556253163144,0.006740303710103035,0.024828670546412468,0.0015681233489885926,Cello
238b16a5.wav,Cello,0.06572648882865906,3.520345126162283e-05,0.6835655570030212,1.4275372450356372e-05,0.2500966191291809,0.0002493369684088975,6.755960271220829e-07,2.014265010075178e-05,0.00021715556795243174,7.465241651516408e-05,Cello
dc5be9d7.wav,Cello,0.01532564964145422,0.0010272826766595244,0.9410521388053894,0.0008672604453749955,0.04048135131597519,0.0005682383198291063,5.641181815008167e-06,0.000147892496897839,7.721925794612616e-05,0.00044725221232511103,Cello
f9653de8.wav,Cello,0.02135992981493473,0.1446816474199295,0.6223335266113281,0.0031459436286240816,0.2031574249267578,0.0015020158607512712,7.041107164695859e-05,0.0005856797797605395,4.830166744795861e-06,0.00315849669277668,Cello
31dbc5c0.wav,Cello,0.015734603628516197,0.004476227797567844,0.8100656270980835,0.003302735975012183,0.02734667994081974,0.05288548022508621,2.1728380943386583e-06,0.004172776825726032,0.0001404824579367414,0.0818731039762497,Cello
cbc8d551.wav,Cello,0.01068942341953516,0.08449497073888779,0.8355363607406616,0.007233320269733667,0.04414031654596329,0.005594208836555481,7.749188807792962e-05,0.003010641550645232,0.0003776481607928872,0.008845645003020763,Cello
195f544d.wav,Cello,0.009249716997146606,0.006402523256838322,0.7904837727546692,0.0014608287019655108,0.03449702635407448,0.05147121101617813,0.011173810809850693,0.04046085476875305,0.0003926674253307283,0.05440765619277954,Cello
22bea889.wav,Cello,0.028160540387034416,1.1816254300356377e-05,0.7638187408447266,0.0053752027451992035,0.19976948201656342,2.8945507438038476e-05,2.3013141969840945e-07,0.0003575474547687918,9.209906420437619e-05,0.002385478699579835,Cello
ab8e8ae3.wav,Cello,0.01124459970742464,0.004363680258393288,0.9160982966423035,0.010398929007351398,0.042892683297395706,0.007390392944216728,0.00013530881551560014,0.006756735499948263,0.0005065225414000452,0.00021293238387443125,Cello
e70c41d4.wav,Cello,0.0023266032803803682,3.227103491099115e-07,0.7258199453353882,0.004197034984827042,5.050306208431721e-05,0.04044082760810852,3.328107993638696e-07,0.2225872278213501,9.028780567632566e-08,0.004577173851430416,Cello
125e6ccf.wav,Cello,0.0019995183683931828,0.00010727708286140114,0.993246853351593,0.00021471595391631126,0.00017268086958210915,9.468570351600647e-05,2.1210837530816207e-06,2.7692805815604515e-05,0.0023566894233226776,0.0017778617329895496,Cello
2da9e12a.wav,Cello,0.014770363457500935,0.004612462129443884,0.9123380184173584,0.002480422845110297,0.058978743851184845,0.003137445542961359,0.00031564972596243024,0.0023664706386625767,0.00020959603716619313,0.0007908878615126014,Cello
34e4d187.wav,Cello,0.019148100167512894,0.035116177052259445,0.6773185729980469,0.0032642039004713297,0.23843863606452942,0.007271775975823402,4.3399722926551476e-05,0.016002144664525986,0.00013364719052333385,0.0032633834052830935,Cello
52e54bdd.wav,Bass_drum,0.002176199574023485,0.8075459599494934,0.10195041447877884,0.01455123070627451,0.06265623867511749,0.008124048821628094,9.574081195751205e-05,0.0001852698187576607,0.00020244074403308332,0.002512505743652582,Bass_drum
6d21ad67.wav,Bass_drum,0.00016786968626547605,0.9255017042160034,0.04591101408004761,2.8804204703192227e-05,0.02793806977570057,0.0004180450632702559,7.459557764377678e-06,1.2058459333275096e-06,2.072914685413707e-05,4.992039066564757e-06,Bass_drum
ca3f3698.wav,Bass_drum,5.8210178394801915e-05,0.9969863891601562,2.1448966435855255e-05,8.789908747530717e-07,0.0029319210443645716,3.90293593000024e-08,7.968367632393836e-10,9.892828956026278e-08,4.563864397510997e-09,1.0582798495306633e-06,Bass_drum
aa9ae956.wav,Bass_drum,4.632783259239659e-07,0.9992731809616089,4.904528032056987e-05,3.3464955777162686e-05,0.0006193102453835309,1.485514803789556e-05,1.2904679635994398e-07,1.2039603802804777e-07,5.067200845587649e-07,8.904619789973367e-06,Bass_drum
0ddb4bdf.wav,Bass_drum,1.4867168829368893e-06,0.9981486201286316,0.0004622154519893229,0.00011899064702447504,0.0011868600267916918,5.729817348765209e-05,2.3063362277753185e-06,3.300391142602166e-07,2.249111958008143e-06,1.9737473849090748e-05,Bass_drum
921eee9d.wav,Bass_drum,0.00201113591901958,0.9908148646354675,5.4938147513894364e-05,0.006037865299731493,0.00027692524599842727,2.563802081567701e-05,3.177349228167259e-08,0.0007513011223636568,2.0256737798263202e-07,2.7076313926954754e-05,Bass_drum
c153f347.wav,Bass_drum,2.694301656447351e-05,0.9953731298446655,3.687367643578909e-05,3.4901469803116925e-07,0.004562322981655598,9.737378903196259e-09,3.72624681110878e-10,9.62542543447853e-08,1.0167948261141646e-08,2.1365144675655756e-07,Bass_drum
63e0ab2c.wav,Bass_drum,6.499770961454487e-07,0.9995012283325195,7.101643132045865e-05,5.7253682825830765e-06,0.0004152896872255951,2.634338216012111e-06,2.954459077386673e-08,3.205143173090619e-08,6.625227655376875e-08,3.406611995160347e-06,Bass_drum
88780eac.wav,Bass_drum,0.002095879288390279,0.9634051322937012,0.009381762705743313,0.0055258795619010925,0.002798402216285467,0.006077731028199196,0.0012202705256640911,0.000391494162613526,0.008530394174158573,0.0005730772973038256,Bass_drum
bea51ca5.wav,Bass_drum,0.08206551522016525,0.6900612115859985,0.08327929675579071,0.005655348300933838,0.055572252720594406,0.06529778987169266,2.689527320853813e-07,0.0032286434434354305,4.644975342671387e-05,0.014793232083320618,Bass_drum
f26131d8.wav,Bass_drum,8.336878636328038e-07,0.998591423034668,7.66005086916266e-06,6.605700036743656e-05,3.0294004318420775e-05,2.198014499299461e-07,2.5249264012927597e-07,0.0013005721848458052,2.5762617497093743e-06,3.5230222295012936e-08,Bass_drum
ce75b5ce.wav,Bass_drum,4.170577449258417e-05,0.9994961023330688,2.9956775051687146e-06,3.073026391575695e-06,0.0003802119754254818,2.0432203484688216e-08,6.595402446407661e-09,7.55452347220853e-05,2.4277795773741673e-07,1.8281261304764485e-07,Bass_drum
565f3ee2.wav,Bass_drum,7.987998833414167e-05,0.9583169221878052,0.0014439703663811088,0.00042737502371892333,0.004719914402812719,6.828784535173327e-06,2.179889690978598e-07,0.03491748869419098,2.083722527856935e-08,8.735879237065092e-05,Bass_drum
ff11628d.wav,Bass_drum,2.9153636660339544e-06,0.9978057742118835,0.00023403819068334997,0.0007631090120412409,0.000932546507101506,0.00022486643865704536,9.963631555365282e-07,4.964230129189673e-07,6.033947101968806e-07,3.460124571574852e-05,Bass_drum
cdfc8967.wav,Bass_drum,0.00021421362180262804,0.9558781385421753,0.018128151074051857,0.006125369109213352,0.013277609832584858,0.004474322777241468,8.254246495198458e-05,8.732252899790183e-05,0.0001513751340098679,0.0015810008626431227,Bass_drum
f8a99b37.wav,Bass_drum,5.994739922243753e-07,0.9993876218795776,5.3257223044056445e-05,4.2519041016930714e-05,0.0004973684553988278,1.422281093255151e-05,3.716994854130462e-07,9.866050731943687e-08,2.4405670728810946e-07,3.7115223676664755e-06,Bass_drum
809ea09e.wav,Bass_drum,5.041363237978658e-07,0.999388575553894,5.251969560049474e-05,8.484112186124548e-05,0.0004264427407179028,2.889529241656419e-05,1.0450411309648189e-06,2.0634408315345354e-07,3.9170708987512626e-07,1.655883897910826e-05,Bass_drum
03fc1f96.wav,Bass_drum,0.06206505745649338,0.5652406811714172,0.023921232670545578,0.0026837163604795933,0.3028208613395691,0.00061349559109658,3.686431227833964e-05,0.04216460883617401,0.00012040780711686239,0.00033301563234999776,Bass_drum
8b6a16de.wav,Bass_drum,3.1159430363914e-05,0.9948379993438721,3.4054883144563064e-05,5.264475930744084e-07,0.0050954073667526245,1.8888057340404885e-08,7.760332376705037e-10,5.695556737350671e-08,2.443765412252219e-09,8.138235330079624e-07,Bass_drum
7dda9dc2.wav,Bass_drum,0.0010930453427135944,0.8832166194915771,0.054762013256549835,0.003220963291823864,0.049914080649614334,0.004320851992815733,1.8376305888523348e-05,0.0001594219938851893,0.0005351393483579159,0.002759554423391819,Bass_drum
3a9085ca.wav,Bass_drum,0.00011258306039962918,0.996331512928009,0.0003064176707994193,0.0008249908569268882,0.00032983702840283513,7.100013317540288e-05,2.925352964666672e-05,0.001416897401213646,7.866159285185859e-05,0.000498861656524241,Bass_drum
4ba2b70e.wav,Bass_drum,2.3868037715146784e-06,0.9987366199493408,2.0281261186028132e-06,3.382800059625879e-06,6.437037518480793e-05,1.4262350411797797e-08,4.4794841613793324e-08,0.0011834611650556326,7.659716175112408e-06,1.9065490519665218e-08,Bass_drum
01c2f88b.wav,Bass_drum,5.524265816347906e-06,0.9932677745819092,0.000503583112731576,0.002988445805385709,0.00263541960157454,0.0005435800994746387,5.6110925470420625e-06,1.321592094427615e-06,3.751929398276843e-06,4.499472925090231e-05,Bass_drum
ce3f3400.wav,Bass_drum,0.12671789526939392,0.699967622756958,0.1224808320403099,0.0027447205502539873,0.034532222896814346,0.0008649181108921766,2.9578044632216915e-05,0.006830304861068726,0.00020981878333259374,0.0056220851838588715,Bass_drum
6a96272b.wav,Bass_drum,0.00020222253806423396,0.9621841311454773,9.684752149041742e-05,5.489263639901765e-05,0.037457872182130814,1.5843770029277948e-07,3.55000673302186e-09,3.41409304382978e-06,3.6767499977941043e-07,1.6093771648684196e-07,Bass_drum
9adffd44.wav,Bass_drum,0.002401054371148348,0.9841481447219849,0.0004581390821840614,2.0749905161210336e-05,0.012929420918226242,5.2050654630875215e-06,1.807703000622496e-07,1.7335307802568423e-06,1.620752243525203e-08,3.525169086060487e-05,Bass_drum
7d11b3b4.wav,Bass_drum,5.416154635895509e-06,0.9997352361679077,1.440041501155065e-06,1.754228833306115e-07,0.0002576081024017185,2.299221701917986e-09,2.660005549159905e-11,7.563560444623363e-08,7.361223630653058e-09,1.4620834321021903e-08,Bass_drum
bab98261.wav,Bass_drum,1.6406631402787752e-05,0.9995691180229187,4.4516491470858455e-06,5.824400659548701e-07,0.00040881941094994545,1.136659122380479e-08,1.6618739717699782e-10,5.480918048306194e-07,2.7209416941786913e-08,5.723614293628998e-08,Bass_drum
c11bacda.wav,Bass_drum,0.0010310517391189933,0.968470573425293,0.007997151464223862,0.0018600651528686285,0.01851937547326088,0.0006314177880994976,2.4732888050493784e-05,0.0005742864450439811,1.770035487425048e-05,0.0008736940217204392,Bass_drum
9a4bfb69.wav,Bass_drum,0.00042728241533041,0.9199787974357605,0.006286833435297012,9.189939009957016e-05,0.07313024252653122,5.238648736849427e-05,1.249426190952363e-06,1.167141363112023e-06,9.29307418573444e-07,2.926170054706745e-05,Bass_drum
18865530.wav,Flute,3.1811080134502845e-06,1.1366886321084735e-09,1.1809216630354058e-05,0.003906688652932644,2.263712076455704e-06,0.9951756596565247,3.958670724557578e-09,1.6089921928141848e-06,0.00012605264782905579,0.0007726491894572973,Flute
9f6eac9c.wav,Flute,4.8411508032586426e-05,8.616602258371131e-07,0.0008918502135202289,0.009137772023677826,0.002052479423582554,0.9594138860702515,0.0001003154757199809,0.021113205701112747,8.592897211201489e-05,0.007155087776482105,Flute
07db7f16.wav,Flute,5.607025741483085e-06,0.04001310467720032,0.0007224023574963212,0.04110413417220116,0.0007868662942200899,0.9156395792961121,1.598057679075282e-05,8.555774911656044e-06,8.45088143250905e-05,0.0016191283939406276,Flute
dc6676ff.wav,Flute,2.7550522645469755e-05,4.413548992943106e-08,2.5160717996186577e-05,0.018136445432901382,4.255760359228589e-06,0.9002755880355835,0.00010638844833010808,0.003999271895736456,1.0569062396825757e-05,0.07741465419530869,Flute
3eaddda8.wav,Flute,0.0038827238604426384,4.224047006573528e-05,0.013926859013736248,0.026281144469976425,0.0023877546191215515,0.877768337726593,1.7271397155127488e-05,0.06376594305038452,2.3160711862146854e-05,0.011904573068022728,Flute
1b93aeba.wav,Flute,0.0002350688591832295,8.238632887014319e-09,5.13260492880363e-05,0.0003968042437918484,1.731624433887191e-05,0.9987100958824158,6.673688517366827e-07,0.0005719346227124333,3.767540590615681e-07,1.6379543012590148e-05,Flute
c683f28f.wav,Flute,0.003213323885574937,7.406708135704321e-09,2.0799263893422903e-06,0.002133537782356143,1.0675780686142389e-05,0.9936098456382751,9.253147293525332e-13,0.0009193088044412434,8.439487260147871e-07,0.00011041016841772944,Flute
55d52a69.wav,Flute,0.0003101887123193592,0.01383579708635807,0.006803145166486502,0.015005749650299549,0.0017372010042890906,0.9551458954811096,0.00024859802215360105,0.004112266935408115,1.1082681339757983e-05,0.002790113678202033,Flute
ca8653d2.wav,Flute,4.628808528650552e-05,3.8207855368455057e-07,0.006080325227230787,0.004262808710336685,0.00029446344706229866,0.9763367772102356,4.9686826969264075e-05,0.011951511725783348,1.3547382877732161e-06,0.0009765882277861238,Flute
6b27a847.wav,Flute,4.132221147301607e-05,4.5944446469547984e-08,0.00838620774447918,0.0052166045643389225,8.03828879725188e-06,0.9767023921012878,0.005225466098636389,0.0035195560194551945,4.233501385897398e-06,0.0008960184641182423,Flute
4bcc8a77.wav,Flute,0.00013246285379864275,3.409574489410261e-08,0.0006112828268669546,0.0008607344934716821,0.0001119399894378148,0.9959734678268433,3.5982230883746524e-07,0.0020529101602733135,3.5147527341905516e-06,0.0002533042279537767,Flute
84f5b84b.wav,Flute,2.743915501923766e-06,1.7206969005201245e-06,7.439813884957402e-07,0.002702297642827034,1.3484766192561892e-08,0.9972618222236633,6.116193489169586e-12,1.675801286182832e-05,5.149187742858885e-08,1.3771072190138511e-05,Flute
5d73ee6f.wav,Flute,0.0017619464779272676,0.0170902069658041,0.011055382899940014,0.05492095276713371,0.0035109638702124357,0.8554530143737793,0.002429602202028036,0.036104556173086166,0.012387783266603947,0.005285551305860281,Flute
5d040c3b.wav,Flute,0.0013635199284180999,4.6573823055950925e-05,0.0007009670371189713,0.0017933419439941645,0.00031111889984458685,0.9858741164207458,3.8645988631458295e-09,0.005915605463087559,0.0004193596832919866,0.0035753471311181784,Flute
6a037ddf.wav,Flute,0.00013429606042336673,0.031245343387126923,0.015222533605992794,0.011267255991697311,0.003427427029237151,0.916524350643158,0.000402390374802053,0.012126651592552662,7.734543032711372e-05,0.009572244249284267,Flute
35e97db3.wav,Flute,2.2332488289200647e-11,2.0312637551101273e-16,6.581356615242839e-07,5.638018478748563e-07,1.1064878397207267e-12,0.9997535347938538,9.283205985605864e-14,4.3328496346362044e-09,1.5246923732240014e-13,0.0002451535838190466,Flute
d14f5df1.wav,Flute,0.010805295780301094,1.1366626495146193e-05,0.003555594477802515,0.020513389259576797,0.0015719650546088815,0.939300537109375,2.3386735847452655e-05,0.023579934611916542,1.3332646631170064e-05,0.0006252991734072566,Flute
9f522cda.wav,Flute,3.657244815258309e-05,4.4821577005471624e-12,6.5666972659528255e-06,0.016836851835250854,6.283643756432866e-07,0.9818922281265259,1.431768851034576e-05,0.001147027243860066,5.60200053012494e-10,6.585864321095869e-05,Flute
fe76c972.wav,Flute,0.0016878836322575808,1.3541842918129987e-06,0.014634495601058006,0.014643453992903233,7.348902727244422e-05,0.9664048552513123,1.5133023225644138e-05,0.0023345660883933306,4.0497130981975715e-08,0.00020478744409047067,Flute
562d93f5.wav,Flute,0.0009300587116740644,0.004230061545968056,0.009612035937607288,0.03847833350300789,0.0011252632830291986,0.9194562435150146,0.0005974764353595674,0.020581500604748726,0.00422527315095067,0.0007636489463038743,Flute
fa32109e.wav,Flute,3.055684646824375e-05,0.0002718009636737406,0.004484552424401045,0.027593787759542465,0.0006127158412709832,0.9269435405731201,0.0003768457972910255,0.03286315128207207,1.6440450281152152e-06,0.00682159885764122,Flute
b4b2b68d.wav,Flute,0.00958444457501173,0.00010499986092327163,0.042732737958431244,0.014315486885607243,0.015614330768585205,0.9034187197685242,8.723888640815858e-06,0.003018714254721999,0.0015254918253049254,0.009676415473222733,Flute
af227d6f.wav,Flute,0.00048804140533320606,5.161293302080594e-06,0.008015178143978119,0.029392404481768608,0.0004883759538643062,0.9194620847702026,0.006116802338510752,0.02630033902823925,1.9484388758428395e-05,0.00971218105405569,Flute
85d6a7d2.wav,Flute,0.00197183177806437,4.421271455612441e-07,0.018062621355056763,0.0247214213013649,2.703044992813375e-05,0.9316596984863281,8.437014002993237e-07,0.022836962714791298,7.709489182161633e-06,0.0007114045438356698,Flute
3707da71.wav,Flute,0.00029349137912504375,1.697865991445724e-05,0.005400491412729025,0.04638079181313515,0.0004751912201754749,0.8869561553001404,0.003062900621443987,0.04790437966585159,0.005163070745766163,0.004346496891230345,Flute
61c914b1.wav,Flute,4.641229679691605e-05,1.3612370821647346e-05,0.002464188728481531,0.041993647813797,0.0021214461885392666,0.9530577659606934,7.658371941943187e-06,7.70162878325209e-05,3.6944445582776098e-06,0.00021441865828819573,Flute
f5e20dce.wav,Flute,0.0912502259016037,0.0012054872931912541,0.03351499140262604,0.04056590795516968,0.017010224983096123,0.7414293885231018,0.0002964711165986955,0.0698392316699028,0.001445016823709011,0.003443062538281083,Flute
b0d9849d.wav,Flute,5.107777542434633e-05,0.009112857282161713,0.007123087532818317,0.044875141233205795,0.006493066903203726,0.8899611830711365,6.360656698234379e-05,0.039173442870378494,0.00026698317378759384,0.0028796480037271976,Flute
6ef82473.wav,Flute,0.024996250867843628,1.1275835277047008e-05,0.010283831506967545,0.02028077282011509,0.01932414062321186,0.8711278438568115,0.0017434085020795465,0.04524625837802887,6.072090741326974e-07,0.006985703017562628,Flute
8986cced.wav,Flute,9.018444688990712e-05,3.638818043327774e-06,0.00023702548060100526,0.0009651581640355289,0.00024092974490486085,0.9935870170593262,4.643312422558665e-06,0.0048011550679802895,1.4988878319854848e-05,5.518183024832979e-05,Flute
a64a3740.wav,Clarinet,1.1809816896857228e-05,4.2506062146625834e-13,3.482977817270694e-08,0.9961152672767639,4.0445794979859784e-07,0.0032256736885756254,1.931535007315688e-05,1.672969673904845e-08,1.1476381587272044e-06,0.0006265288684517145,Clarinet
ad7ec8cb.wav,Clarinet,5.056188540769613e-12,1.1418705578147414e-17,1.0822705232005347e-10,0.9975783228874207,4.686294212928599e-13,0.0003078849404118955,3.2846006803310956e-08,2.129123544136746e-09,2.9538000489992555e-07,0.0021135311108082533,Clarinet
8ee44fb5.wav,Clarinet,0.0003500871534924954,2.605142697120755e-07,2.558041956035595e-07,0.9890379905700684,3.5962293623015285e-05,0.002056461526080966,3.9434926435433226e-08,0.00830917339771986,1.2639700798899867e-05,0.00019720244745258242,Clarinet
7eb959ec.wav,Clarinet,0.0152923334389925,5.54467442270834e-05,0.00031911866972222924,0.9636285901069641,0.0017488828161731362,0.00494757853448391,0.0003937232249882072,0.013285654596984386,2.5598128559067845e-05,0.00030330364825204015,Clarinet
e51e1770.wav,Clarinet,3.6380581150297076e-05,1.3026205891719655e-08,6.765367857042293e-07,0.9759151935577393,4.4920394429937005e-05,0.004207659512758255,7.13695999365882e-06,0.01962721161544323,6.428456345020095e-06,0.00015434423403348774,Clarinet
3f7e6da8.wav,Clarinet,4.5202086766948923e-05,3.801697319580008e-15,2.0732741177198477e-06,0.9999452233314514,7.710173122177366e-07,3.559315331358448e-08,1.0618208534651785e-06,9.113909413827059e-07,2.444411848046002e-06,2.348523821638082e-06,Clarinet
3cbe9902.wav,Clarinet,0.0006777342059649527,0.026469243690371513,0.020137155428528786,0.9216771125793457,0.004745148122310638,0.014657542109489441,6.259982183109969e-05,0.0006423060549423099,0.00017998179828282446,0.010751321911811829,Clarinet
9a722e53.wav,Clarinet,3.534682036843151e-05,3.731789657564037e-14,1.4394089475899818e-07,0.9996940493583679,4.73889012937434e-05,5.539847052205005e-07,4.583752539859265e-13,0.00022241493570618331,5.218710796839332e-09,2.2353044926148868e-07,Clarinet
19105b8a.wav,Clarinet,0.008868216536939144,1.2248048733454198e-05,0.00030298493220470846,0.960723876953125,0.00035271630622446537,0.02136034518480301,2.4279570425278507e-05,0.0026940980460494757,1.8004087905865163e-05,0.0056432257406413555,Clarinet
1f81cc2b.wav,Clarinet,1.2916613741253968e-05,2.0002358880333304e-08,0.0001097954300348647,0.9729747176170349,9.027516352944076e-05,0.015538393519818783,2.6351890483056195e-05,0.009170111268758774,0.00010908241529250517,0.001968658296391368,Clarinet
44c5094c.wav,Clarinet,3.910253099093097e-07,9.369102021983267e-11,1.7648640096012969e-06,0.9986613392829895,1.0494140951777808e-06,0.0007743397145532072,9.220841321391782e-14,0.00044389517279341817,1.5899432526111923e-07,0.00011720845941454172,Clarinet
5506629f.wav,Clarinet,0.00011944496509386227,3.4865404359152308e-06,9.82964484137483e-05,0.9916938543319702,0.00015934085240587592,0.00019392244576010853,1.0434266641823342e-06,0.0074761551804840565,0.00021135184215381742,4.3152671423740685e-05,Clarinet
ddf23920.wav,Clarinet,5.669314410289283e-12,1.3722192090568578e-15,1.6123411633595097e-11,0.99884033203125,2.534180865154667e-09,0.0009341788245365024,2.6223526461421898e-08,8.923265459870322e-10,9.129388217621326e-11,0.00022541749058291316,Clarinet
2e1cd085.wav,Clarinet,1.2214994293824333e-10,8.724783463854116e-16,1.2138888505486278e-10,0.9999182224273682,1.4182970076159762e-10,8.000362868187949e-05,3.986448671167153e-11,5.3164470159572375e-08,6.315260634437436e-07,1.2050995792378671e-06,Clarinet
dc981a38.wav,Clarinet,7.627341983607039e-05,2.6804418240544692e-08,0.0002593857061583549,0.90914386510849,0.0012155884178355336,0.08404500782489777,7.338586982541528e-08,0.0021053110249340534,9.616225327135908e-08,0.0031542580109089613,Clarinet
a053797b.wav,Clarinet,0.03276285529136658,1.3981336738583348e-14,4.378862161757979e-09,0.9663176536560059,3.011350102610777e-08,1.2848777259932831e-05,1.9680661614285277e-11,0.0008981786668300629,8.261195034720004e-06,8.3641772619103e-08,Clarinet
f2310f0d.wav,Clarinet,0.04801689833402634,0.009069414809346199,0.007025847211480141,0.9021925926208496,0.005044715479016304,0.006206004414707422,5.5203199735842645e-06,0.009895949624478817,0.0009315729257650673,0.011611399240791798,Clarinet
ce65d6b5.wav,Clarinet,6.979137106100097e-05,3.167049684570794e-13,3.844325249247049e-07,0.9962656497955322,6.280568049987778e-05,0.00030389564926736057,7.791523676248246e-11,0.0032568974420428276,5.1509104537217354e-08,4.0455055568600073e-05,Clarinet
45de3233.wav,Clarinet,0.00024099608708638698,0.05130969360470772,0.008841102942824364,0.9289159774780273,0.0039229439571499825,0.005331927910447121,0.0002725824888329953,0.0006891183438710868,9.019431308843195e-05,0.0003854924289043993,Clarinet
8916ffcd.wav,Clarinet,3.6565656955644954e-06,9.018424841546885e-14,1.362865589271678e-07,0.9989070892333984,1.3812591532769147e-06,2.3727961888653226e-06,7.772625786911676e-16,0.0010852694977074862,9.28017829249228e-10,1.4685094917865626e-08,Clarinet
e43f7db2.wav,Clarinet,5.832307579112239e-07,2.7011537895305082e-08,0.0004098815261386335,0.994627833366394,3.347721388990976e-08,0.0005154022946953773,5.705562051936948e-16,0.004000079818069935,5.26572705439321e-07,0.00044569792225956917,Clarinet
3c66098d.wav,Clarinet,8.143224476953037e-06,1.227176416040976e-10,4.267102667654399e-06,0.8913869857788086,1.2400998457451351e-05,0.10856405645608902,9.424828704140964e-07,9.643402336223517e-06,1.1191762183671017e-07,1.3450480764731765e-05,Clarinet
ad42e493.wav,Clarinet,0.00022941779752727598,2.8286273323629985e-10,4.823352810490178e-06,0.9976474046707153,0.0001448196271667257,1.2191647329018451e-05,3.89214847018593e-07,0.0017394260503351688,5.433943428556631e-08,0.0002215114946011454,Clarinet
740e5bb7.wav,Clarinet,0.0005008354200981557,0.026707038283348083,0.013673551380634308,0.9031080007553101,0.006813257001340389,0.023615023121237755,0.0003078072040807456,0.019561734050512314,0.000157889851834625,0.005554961506277323,Clarinet
800b401e.wav,Clarinet,0.01497430820018053,0.0004805505450349301,0.0037219258956611156,0.9451325535774231,0.012415856122970581,0.007582799065858126,1.8506136711948784e-06,0.01535788830369711,3.659197682281956e-05,0.00029577440000139177,Clarinet
3c713bcf.wav,Clarinet,2.9862203376751495e-08,3.223765872306661e-12,0.017664246261119843,0.9823198914527893,1.9756862457143143e-06,1.506731273082096e-08,4.345207571532228e-07,5.8592663663148414e-06,4.619671312156015e-09,7.622494649695e-06,Clarinet
2fc00271.wav,Clarinet,3.494342672638595e-05,9.581890402649007e-13,0.00020759478502441198,0.9994009733200073,0.00031031659455038607,1.6139656509039924e-05,2.5459030439378694e-07,2.6076151698362082e-05,1.4772140843888337e-08,3.90322929888498e-06,Clarinet
b0c06255.wav,Clarinet,7.59087424739846e-06,5.569035163577318e-11,5.731798410124611e-06,0.9988825917243958,1.8078107899555107e-08,0.0006473969551734626,4.8908287142435114e-11,0.0003217813791707158,2.0680434317910112e-05,0.00011422795068938285,Clarinet
71c6451f.wav,Clarinet,2.4936767317740305e-08,3.377326196485342e-12,0.00018250894208904356,0.9060549736022949,2.732975008257199e-05,0.09032061696052551,6.0321758610371035e-06,0.00332514732144773,3.607545693284919e-07,8.295595762319863e-05,Clarinet
5de123c3.wav,Clarinet,9.327357111033052e-05,1.3904543037519378e-14,1.7432407162232266e-07,0.9806458950042725,1.2487097933444602e-07,0.010053267702460289,1.8982664051758746e-10,0.006388531997799873,6.98094936524285e-07,0.0028180188965052366,Clarinet
